{"cameraMode":{"drawMode":0,"name":"Shaded","section":"Shading Mode"},"sceneLighting":true,"audioPlay":false,"sceneViewState":{"showFog":true,"showMaterialUpdate":false,"showSkybox":true,"showFlares":true,"showImageEffects":true,"showParticleSystems":true},"in2DMode":false,"pivot":{"x":-25.692171096801759,"y":-9.701711654663086,"z":-18.77002716064453},"rotation":{"x":0.04947375878691673,"y":0.01587795279920101,"z":-0.00078724161721766,"w":0.9986509084701538},"size":3.317002534866333,"orthographic":false}